county,MDI rate,Standard Error
1001,0.1407,0.0182
1003,0.0658,0.0104
1005,0.2488,0.0253
1007,0.2079,0.0236
1009,0.1159,0.0171
1011,0.2488,0.0253
1013,0.1320,0.0138
1015,0.3658,0.0282
1017,0.1542,0.0152
1019,0.1502,0.0159
1021,0.1542,0.0152
1023,0.1571,0.0171
1025,0.1571,0.0171
1027,0.1502,0.0159
1029,0.1502,0.0159
1031,0.1320,0.0138
1033,0.1289,0.0124
1035,0.1571,0.0171
1037,0.1542,0.0152
1039,0.1320,0.0138
1041,0.1320,0.0138
1043,0.1702,0.0185
1045,0.1620,0.0110
1047,0.2079,0.0236
1049,0.1882,0.0273
1051,0.1407,0.0182
1053,0.1571,0.0171
1055,0.3653,0.0265
1057,0.1566,0.0173
1059,0.1289,0.0124
1061,0.1620,0.0110
1063,0.2079,0.0236
1065,0.2079,0.0236
1067,0.1620,0.0110
1069,0.1620,0.0110
1071,0.1882,0.0273
1073,0.3093,0.0089
1075,0.1566,0.0173
1077,0.1289,0.0124
1079,0.1603,0.0226
1081,0.1251,0.0140
1083,0.0871,0.0158
1085,0.1407,0.0182
1087,0.2488,0.0253
1089,0.1954,0.0213
1091,0.2079,0.0236
1093,0.1495,0.0161
1095,0.1948,0.0207
1097,0.2078,0.0231
1099,0.1571,0.0171
1101,0.1753,0.0191
1103,0.1603,0.0226
1105,0.2079,0.0236
1107,0.1116,0.0187
1109,0.2488,0.0253
1111,0.1502,0.0159
1113,0.2488,0.0253
1115,0.1159,0.0171
1117,0.0691,0.0097
1119,0.2079,0.0236
1121,0.1502,0.0159
1123,0.1542,0.0152
1125,0.1402,0.0199
1127,0.1566,0.0173
1129,0.1571,0.0171
1131,0.1571,0.0171
1133,0.1702,0.0185
2013,0.2138,0.0159
2016,0.2138,0.0159
2020,0.1289,0.0292
2050,0.2138,0.0159
2060,0.2138,0.0159
2068,0.0815,0.0163
2070,0.2138,0.0159
2090,0.0815,0.0163
2100,0.0815,0.0163
2105,0.2138,0.0159
2110,0.0815,0.0163
2122,0.1018,0.0150
2130,0.0815,0.0163
2150,0.2138,0.0159
2158,0.2138,0.0159
2164,0.1018,0.0150
2170,0.2138,0.0159
2180,0.2138,0.0159
2185,0.2138,0.0159
2188,0.2138,0.0159
2195,0.2138,0.0159
2198,0.2138,0.0159
2220,0.0815,0.0163
2230,0.0815,0.0163
2240,0.0815,0.0163
2261,0.2138,0.0159
2275,0.2138,0.0159
2282,0.2138,0.0159
2290,0.2138,0.0159
4001,0.2800,0.0185
4003,0.1552,0.0197
4005,0.1563,0.0165
4007,0.1808,0.0229
4009,0.1808,0.0229
4011,0.1808,0.0229
4012,0.1773,0.0176
4013,0.1220,0.0028
4015,0.1773,0.0176
4017,0.2800,0.0185
4019,0.1542,0.0055
4021,0.1392,0.0224
4023,0.1552,0.0197
4025,0.1391,0.0168
4027,0.1861,0.0197
5001,0.2700,0.0295
5003,0.1704,0.0249
5005,0.1625,0.0168
5007,0.0819,0.0089
5009,0.1625,0.0168
5011,0.1704,0.0249
5013,0.1696,0.0215
5015,0.1625,0.0168
5017,0.1704,0.0249
5019,0.1292,0.0133
5021,0.1089,0.0128
5023,0.1757,0.0174
5025,0.1704,0.0249
5027,0.1696,0.0215
5029,0.1596,0.0185
5031,0.1384,0.0141
5033,0.1696,0.0225
5035,0.4013,0.0263
5037,0.4864,0.0275
5039,0.1696,0.0215
5041,0.1704,0.0249
5043,0.1704,0.0249
5045,0.1144,0.0151
5047,0.2376,0.0186
5049,0.1757,0.0174
5051,0.1292,0.0133
5053,0.3359,0.0325
5055,0.1089,0.0128
5057,0.3941,0.0205
5059,0.1292,0.0133
5061,0.2376,0.0186
5063,0.1757,0.0174
5065,0.1757,0.0174
5067,0.1568,0.0185
5069,0.3359,0.0325
5071,0.1596,0.0185
5073,0.3941,0.0205
5075,0.1089,0.0128
5077,0.4864,0.0275
5079,0.1704,0.0249
5081,0.3941,0.0205
5083,0.2376,0.0186
5085,0.1144,0.0151
5087,0.1625,0.0168
5089,0.1625,0.0168
5091,0.3941,0.0205
5093,0.4013,0.0263
5095,0.4864,0.0275
5097,0.1292,0.0133
5099,0.3941,0.0205
5101,0.1625,0.0168
5103,0.1696,0.0215
5105,0.1596,0.0185
5107,0.4864,0.0275
5109,0.3941,0.0205
5111,0.4864,0.0275
5113,0.2376,0.0186
5115,0.1596,0.0185
5117,0.1568,0.0185
5119,0.3083,0.0218
5121,0.1089,0.0128
5123,0.4864,0.0275
5125,0.0716,0.0135
5127,0.2376,0.0186
5129,0.1625,0.0168
5131,0.1696,0.0225
5133,0.2376,0.0186
5135,0.1757,0.0174
5137,0.1757,0.0174
5139,0.1696,0.0215
5141,0.1757,0.0174
5143,0.1116,0.0169
5145,0.1568,0.0185
5147,0.1568,0.0185
5149,0.1596,0.0185
6001,0.1134,0.0041
6003,0.1336,0.0157
6005,0.1336,0.0157
6007,0.1542,0.0194
6009,0.1336,0.0157
6011,0.2346,0.0271
6013,0.1016,0.0047
6015,0.1666,0.0198
6017,0.0555,0.0102
6019,0.4614,0.0096
6021,0.2346,0.0271
6023,0.2425,0.0291
6025,0.2483,0.0214
6027,0.1336,0.0157
6029,0.4686,0.0102
6031,0.2209,0.0228
6033,0.1600,0.0178
6035,0.1666,0.0198
6037,0.1968,0.0022
6039,0.5386,0.0295
6041,0.0974,0.0178
6043,0.1336,0.0157
6045,0.1600,0.0178
6047,0.2457,0.0258
6049,0.1666,0.0198
6051,0.1336,0.0157
6053,0.1675,0.0198
6055,0.0932,0.0165
6057,0.0951,0.0203
6059,0.1381,0.0039
6061,0.0785,0.0134
6063,0.1666,0.0198
6065,0.1502,0.0046
6067,0.1555,0.0056
6069,0.1642,0.0233
6071,0.1745,0.0046
6073,0.1429,0.0033
6075,0.1224,0.0059
6077,0.3841,0.0105
6079,0.0987,0.0176
6081,0.1006,0.0060
6083,0.1957,0.0242
6085,0.1034,0.0048
6087,0.1627,0.0251
6089,0.1695,0.0222
6091,0.0951,0.0203
6093,0.1666,0.0198
6095,0.1225,0.0176
6097,0.1171,0.0193
6099,0.1550,0.0228
6101,0.1581,0.0135
6103,0.2346,0.0271
6105,0.2346,0.0271
6107,0.2668,0.0309
6109,0.1336,0.0157
6111,0.1301,0.0075
6113,0.1864,0.0187
6115,0.1581,0.0135
8001,0.0884,0.0162
8003,0.2307,0.0230
8005,0.0849,0.0057
8007,0.0802,0.0098
8009,0.2307,0.0230
8011,0.0909,0.0133
8013,0.0656,0.0120
8014,0.1108,0.0217
8015,0.1026,0.0150
8017,0.0909,0.0133
8019,0.0547,0.0129
8021,0.2307,0.0230
8023,0.2307,0.0230
8025,0.0909,0.0133
8027,0.1026,0.0150
8029,0.1054,0.0154
8031,0.1175,0.0078
8033,0.0802,0.0098
8035,0.0295,0.0077
8037,0.0726,0.0210
8039,0.0801,0.0125
8041,0.0901,0.0073
8043,0.1026,0.0150
8045,0.0714,0.0127
8047,0.0547,0.0129
8049,0.0726,0.0210
8051,0.0802,0.0098
8053,0.0802,0.0098
8055,0.1026,0.0150
8057,0.0726,0.0210
8059,0.0801,0.0136
8061,0.0909,0.0133
8063,0.0909,0.0133
8065,0.1026,0.0150
8067,0.0802,0.0098
8069,0.0950,0.0161
8071,0.2307,0.0230
8073,0.0909,0.0133
8075,0.0909,0.0133
8077,0.1095,0.0159
8079,0.2307,0.0230
8081,0.0714,0.0127
8083,0.0802,0.0098
8085,0.1054,0.0154
8087,0.0909,0.0133
8089,0.2307,0.0230
8091,0.1054,0.0154
8093,0.1026,0.0150
8095,0.0909,0.0133
8097,0.0726,0.0210
8099,0.2307,0.0230
8101,0.2251,0.0226
8103,0.0714,0.0127
8105,0.2307,0.0230
8107,0.0714,0.0127
8109,0.2307,0.0230
8111,0.0802,0.0098
8113,0.1054,0.0154
8115,0.0909,0.0133
8117,0.0726,0.0210
8119,0.0460,0.0117
8121,0.0909,0.0133
8123,0.0770,0.0141
8125,0.0909,0.0133
9001,0.1174,0.0053
9003,0.1228,0.0059
9005,0.0699,0.0088
9007,0.0468,0.0060
9009,0.1292,0.0072
9011,0.0747,0.0116
9013,0.0709,0.0121
9015,0.0974,0.0137
10001,0.1213,0.0159
10003,X,X
10005,0.1309,0.0158
11001,0.2080,0.0089
12001,0.1506,0.0205
12003,0.0912,0.0132
12005,0.1536,0.0114
12007,0.1585,0.0154
12009,0.1106,0.0081
12011,0.1319,0.0055
12013,0.1692,0.0172
12015,0.1054,0.0136
12017,0.1169,0.0161
12019,0.0820,0.0133
12021,0.1186,0.0201
12023,0.1585,0.0154
12027,0.2046,0.0204
12029,0.1585,0.0154
12031,0.1343,0.0069
12033,0.1118,0.0171
12035,0.1033,0.0179
12037,0.1692,0.0172
12039,0.1692,0.0172
12041,0.1585,0.0154
12043,0.1787,0.0227
12045,0.1692,0.0172
12047,0.2001,0.0244
12049,0.2046,0.0204
12051,0.1787,0.0227
12053,0.1356,0.0140
12055,0.2018,0.0206
12057,0.1454,0.0059
12059,0.1536,0.0114
12061,0.1087,0.0172
12063,0.1692,0.0172
12065,0.1692,0.0172
12067,0.2001,0.0244
12069,0.1239,0.0182
12071,0.1188,0.0080
12073,0.1371,0.0166
12075,0.1585,0.0154
12077,0.1692,0.0172
12079,0.2001,0.0244
12081,0.0992,0.0179
12083,0.1589,0.0242
12085,0.1161,0.0186
12086,0.1780,0.0045
12087,0.1240,0.0193
12089,0.0912,0.0132
12091,0.0778,0.0105
12093,0.1787,0.0227
12095,0.1493,0.0078
12097,0.1319,0.0212
12099,0.1326,0.0049
12101,0.1337,0.0165
12103,0.1133,0.0051
12105,0.1448,0.0074
12107,0.2045,0.0254
12109,0.1873,0.0242
12111,0.1550,0.0239
12113,0.0739,0.0146
12115,0.0960,0.0143
12117,0.0928,0.0166
12119,0.1113,0.0154
12121,0.2001,0.0244
12123,0.2001,0.0244
12125,0.1585,0.0154
12127,0.1432,0.0192
12129,0.1692,0.0172
12131,0.1536,0.0114
12133,0.1536,0.0114
13001,0.2088,0.0177
13003,0.2102,0.0207
13005,0.2102,0.0207
13007,0.1926,0.0199
13009,0.1864,0.0243
13011,0.1626,0.0161
13013,0.1018,0.0116
13015,0.1301,0.0191
13017,0.1816,0.0179
13019,0.1816,0.0179
13021,0.3971,0.0214
13023,0.1983,0.0171
13025,0.2102,0.0207
13027,0.1816,0.0179
13029,0.1713,0.0271
13031,0.1673,0.0187
13033,0.1993,0.0210
13035,0.1947,0.0253
13037,0.1926,0.0199
13039,0.1289,0.0160
13043,0.1983,0.0171
13045,0.1718,0.0234
13047,0.1261,0.0146
13049,0.2102,0.0207
13051,0.1331,0.0197
13053,0.3662,0.0206
13055,0.1261,0.0146
13057,0.0716,0.0171
13059,0.2076,0.0210
13061,0.1954,0.0211
13063,0.3857,0.0280
13065,0.2102,0.0207
13067,0.0841,0.0069
13069,0.2102,0.0207
13071,0.1719,0.0205
13073,0.0573,0.0123
13075,0.1816,0.0179
13077,0.1046,0.0162
13079,0.1864,0.0243
13081,0.1954,0.0211
13083,0.1261,0.0146
13085,0.1058,0.0150
13087,0.1926,0.0199
13089,0.1321,0.0077
13091,0.1983,0.0171
13093,0.1954,0.0211
13095,0.3696,0.0225
13097,0.1169,0.0211
13099,0.1926,0.0199
13101,0.2102,0.0207
13103,0.1673,0.0187
13105,0.1475,0.0188
13107,0.1983,0.0171
13109,0.2088,0.0177
13111,0.1424,0.0179
13113,0.0743,0.0178
13115,0.1689,0.0174
13117,0.0557,0.0083
13119,0.1626,0.0161
13121,0.2545,0.0066
13123,0.1424,0.0179
13125,0.1993,0.0210
13127,0.1289,0.0160
13129,0.1424,0.0179
13131,0.1926,0.0199
13133,0.1475,0.0188
13135,0.0872,0.0069
13137,0.1626,0.0161
13139,0.1386,0.0153
13141,0.1993,0.0210
13143,0.1689,0.0174
13145,0.1954,0.0211
13147,0.1626,0.0161
13149,0.2241,0.0287
13151,0.0885,0.0217
13153,0.1054,0.0166
13155,0.1816,0.0179
13157,0.1018,0.0116
13159,0.1343,0.0213
13161,0.2088,0.0177
13163,0.1993,0.0210
13165,0.1993,0.0210
13167,0.1983,0.0171
13169,0.1864,0.0243
13171,0.1947,0.0253
13173,0.2102,0.0207
13175,0.1983,0.0171
13177,0.3696,0.0225
13179,0.1713,0.0271
13181,0.1993,0.0210
13183,0.1713,0.0271
13185,0.2065,0.0220
13187,0.1058,0.0150
13189,0.1993,0.0210
13191,0.1289,0.0160
13193,0.1954,0.0211
13195,0.1475,0.0188
13197,0.1954,0.0211
13199,0.2241,0.0287
13201,0.1926,0.0199
13205,0.1926,0.0199
13207,0.1864,0.0243
13209,0.2088,0.0177
13211,0.1343,0.0213
13213,0.1424,0.0179
13215,0.3662,0.0206
13217,0.1255,0.0154
13219,0.1475,0.0188
13221,0.1475,0.0188
13223,0.0710,0.0150
13225,0.1864,0.0243
13227,0.1424,0.0179
13229,0.2102,0.0207
13231,0.1947,0.0253
13233,0.1689,0.0174
13235,0.1054,0.0166
13237,0.1864,0.0243
13239,0.1954,0.0211
13241,0.1058,0.0150
13243,0.1954,0.0211
13245,0.4249,0.0194
13247,0.1255,0.0154
13249,0.1954,0.0211
13251,0.1673,0.0187
13253,0.1926,0.0199
13255,0.1947,0.0253
13257,0.1626,0.0161
13259,0.1954,0.0211
13261,0.1954,0.0211
13263,0.1954,0.0211
13265,0.1993,0.0210
13267,0.2088,0.0177
13269,0.1954,0.0211
13271,0.2088,0.0177
13273,0.1926,0.0199
13275,0.1719,0.0205
13277,0.1816,0.0179
13279,0.2088,0.0177
13281,0.1058,0.0150
13283,0.1983,0.0171
13285,0.2241,0.0287
13287,0.1816,0.0179
13289,0.1864,0.0243
13291,0.1058,0.0150
13293,0.1947,0.0253
13295,0.1261,0.0146
13297,0.1343,0.0213
13299,0.2102,0.0207
13301,0.1993,0.0210
13303,0.1993,0.0210
13305,0.2088,0.0177
13307,0.1954,0.0211
13309,0.2088,0.0177
13311,0.1058,0.0150
13313,0.1825,0.0288
13315,0.1983,0.0171
13317,0.1993,0.0210
13319,0.1864,0.0243
13321,0.1719,0.0205
15001,0.1426,0.0156
15003,0.0868,0.0045
15005,0.1000,0.0140
15007,0.1000,0.0140
15009,0.1000,0.0140
16001,0.1058,0.0210
16003,0.1077,0.0157
16005,0.0783,0.0117
16007,0.0783,0.0117
16009,0.1222,0.0155
16011,0.0987,0.0162
16013,0.1346,0.0235
16015,0.1077,0.0157
16017,0.1222,0.0155
16019,0.0732,0.0154
16021,0.1222,0.0155
16023,0.1077,0.0157
16025,0.1346,0.0235
16027,0.1215,0.0237
16029,0.0783,0.0117
16031,0.0980,0.0209
16033,0.1077,0.0157
16035,0.1077,0.0157
16037,0.1077,0.0157
16039,0.1346,0.0235
16041,0.0783,0.0117
16043,0.1000,0.0164
16045,0.1073,0.0173
16047,0.1346,0.0235
16049,0.1077,0.0157
16051,0.1000,0.0164
16053,0.1346,0.0235
16055,0.1211,0.0156
16057,0.1222,0.0155
16059,0.1077,0.0157
16061,0.1077,0.0157
16063,0.1346,0.0235
16065,0.1000,0.0164
16067,0.1346,0.0235
16069,0.1077,0.0157
16071,0.0783,0.0117
16073,0.1295,0.0186
16075,0.1073,0.0173
16077,0.0783,0.0117
16079,0.1222,0.0155
16081,0.1000,0.0164
16083,0.0980,0.0209
16085,0.1077,0.0157
16087,0.1073,0.0173
17001,0.1469,0.0194
17003,0.1419,0.0149
17005,0.1021,0.0143
17007,0.0817,0.0154
17009,0.1469,0.0194
17011,0.0745,0.0103
17013,0.1121,0.0149
17015,0.1069,0.0130
17017,0.1121,0.0149
17019,0.1459,0.0157
17021,0.1003,0.0114
17023,0.1073,0.0130
17025,0.1073,0.0130
17027,0.1021,0.0143
17029,0.1758,0.0202
17031,0.3229,0.0031
17033,0.1073,0.0130
17035,0.1758,0.0202
17037,0.1374,0.0200
17039,0.1003,0.0114
17041,0.1758,0.0202
17043,0.0657,0.0040
17045,0.1758,0.0202
17047,0.1419,0.0149
17049,0.1021,0.0143
17051,0.1021,0.0143
17053,0.1529,0.0164
17055,0.1548,0.0129
17057,0.1030,0.0125
17059,0.1419,0.0149
17061,0.1121,0.0149
17063,0.0822,0.0225
17065,0.1419,0.0149
17067,0.1030,0.0125
17069,0.1419,0.0149
17071,0.1030,0.0125
17073,0.1030,0.0125
17075,0.1529,0.0164
17077,0.1548,0.0129
17079,0.1073,0.0130
17081,0.1274,0.0160
17083,0.1121,0.0149
17085,0.1069,0.0130
17087,0.1419,0.0149
17089,0.1123,0.0197
17091,0.1240,0.0162
17093,0.0822,0.0225
17095,0.0745,0.0103
17097,0.0868,0.0063
17099,0.0760,0.0118
17101,0.1073,0.0130
17103,0.1069,0.0130
17105,0.1529,0.0164
17107,0.1003,0.0114
17109,0.1030,0.0125
17111,0.0548,0.0114
17113,0.1093,0.0185
17115,0.1500,0.0195
17117,0.1121,0.0149
17119,0.1155,0.0171
17121,0.1274,0.0160
17123,0.0745,0.0103
17125,0.1469,0.0194
17127,0.1419,0.0149
17129,0.1003,0.0114
17131,0.1030,0.0125
17133,0.1274,0.0160
17135,0.1021,0.0143
17137,0.1121,0.0149
17139,0.1003,0.0114
17141,0.1560,0.0194
17143,0.1362,0.0141
17145,0.1548,0.0129
17147,0.1003,0.0114
17149,0.1469,0.0194
17151,0.1419,0.0149
17153,0.1419,0.0149
17155,0.0745,0.0103
17157,0.1274,0.0160
17159,0.1073,0.0130
17161,0.1170,0.0137
17163,0.3003,0.0246
17165,0.1419,0.0149
17167,0.1456,0.0179
17169,0.1469,0.0194
17171,0.1121,0.0149
17173,0.1003,0.0114
17175,0.0745,0.0103
17177,0.1560,0.0194
17179,0.0897,0.0133
17181,0.1419,0.0149
17183,0.1529,0.0164
17185,0.1419,0.0149
17187,0.1030,0.0125
17189,0.1274,0.0160
17191,0.1073,0.0130
17193,0.1419,0.0149
17195,0.1069,0.0130
17197,0.0675,0.0045
17199,0.1548,0.0129
17201,0.1173,0.0168
17203,0.0745,0.0103
18001,0.1305,0.0159
18003,0.1207,0.0164
18005,0.1265,0.0185
18007,0.1055,0.0158
18009,0.1089,0.0161
18011,0.0258,0.0053
18013,0.1195,0.0201
18015,0.1055,0.0158
18017,0.1270,0.0163
18019,0.2467,0.0181
18021,0.1008,0.0132
18023,0.1055,0.0158
18025,0.1144,0.0141
18027,0.1305,0.0168
18029,0.1381,0.0203
18031,0.1421,0.0237
18033,0.1327,0.0155
18035,0.1808,0.0215
18037,0.1144,0.0141
18039,0.1153,0.0138
18041,0.1407,0.0177
18043,0.0978,0.0137
18045,0.1008,0.0132
18047,0.1381,0.0203
18049,0.1162,0.0166
18051,0.0629,0.0101
18053,0.1421,0.0209
18055,0.1305,0.0168
18057,0.0240,0.0062
18059,0.0548,0.0113
18061,0.0978,0.0137
18063,0.0442,0.0102
18065,0.1089,0.0161
18067,0.1270,0.0163
18069,0.1305,0.0159
18071,0.1265,0.0185
18073,0.1162,0.0166
18075,0.1089,0.0161
18077,0.1421,0.0237
18079,0.1421,0.0237
18081,0.0674,0.0135
18083,0.1144,0.0141
18085,0.0872,0.0165
18087,0.1327,0.0155
18089,0.1599,0.0212
18091,0.1030,0.0182
18093,0.1305,0.0168
18095,0.1710,0.0179
18097,0.3398,0.0090
18099,0.0872,0.0165
18101,0.1305,0.0168
18103,0.1421,0.0209
18105,0.1980,0.0201
18107,0.1055,0.0158
18109,0.1195,0.0201
18111,0.1162,0.0166
18113,0.1327,0.0155
18115,0.1381,0.0203
18117,0.1305,0.0168
18119,0.1305,0.0168
18121,0.1008,0.0132
18123,0.1144,0.0141
18125,0.1144,0.0141
18127,0.1137,0.0210
18129,0.0629,0.0101
18131,0.1162,0.0166
18133,0.1195,0.0201
18135,0.1089,0.0161
18137,0.1381,0.0203
18139,0.1407,0.0177
18141,0.1427,0.0201
18143,0.1421,0.0237
18145,0.0548,0.0113
18147,0.1144,0.0141
18149,0.1162,0.0166
18151,0.1327,0.0155
18153,0.1008,0.0132
18155,0.1381,0.0203
18157,0.1098,0.0154
18159,0.1270,0.0163
18161,0.1407,0.0177
18163,0.1646,0.0206
18165,0.1008,0.0132
18167,0.1622,0.0185
18169,0.1421,0.0209
18171,0.1008,0.0132
18173,0.0629,0.0101
18175,0.0978,0.0137
18177,0.1407,0.0177
18179,0.1305,0.0159
18181,0.1055,0.0158
18183,0.1305,0.0159
19001,0.0794,0.0174
19003,0.0794,0.0174
19005,0.0555,0.0106
19007,0.0794,0.0174
19009,0.0794,0.0174
19011,0.1196,0.0177
19013,0.0975,0.0150
19015,0.1194,0.0194
19017,0.0555,0.0106
19019,0.0724,0.0101
19021,0.0940,0.0130
19023,0.0729,0.0110
19025,0.0940,0.0130
19027,0.0940,0.0130
19029,0.0780,0.0101
19031,0.0818,0.0149
19033,0.0631,0.0118
19035,0.0940,0.0130
19037,0.0555,0.0106
19039,0.0794,0.0174
19041,0.0579,0.0093
19043,0.0555,0.0106
19045,0.0818,0.0149
19047,0.0940,0.0130
19049,0.0640,0.0111
19051,0.0682,0.0111
19053,0.0794,0.0174
19055,0.0724,0.0101
19057,0.1156,0.0155
19059,0.0579,0.0093
19061,0.0724,0.0101
19063,0.0579,0.0093
19065,0.0555,0.0106
19067,0.0631,0.0118
19069,0.0729,0.0110
19071,0.0780,0.0101
19073,0.0940,0.0130
19075,0.0729,0.0110
19077,0.0794,0.0174
19079,0.0729,0.0110
19081,0.0631,0.0118
19083,0.0729,0.0110
19085,0.0780,0.0101
19087,0.1156,0.0155
19089,0.0555,0.0106
19091,0.0729,0.0110
19093,0.0940,0.0130
19095,0.1196,0.0177
19097,0.0724,0.0101
19099,0.0746,0.0111
19101,0.0682,0.0111
19103,0.1240,0.0195
19105,0.0818,0.0149
19107,0.0682,0.0111
19109,0.0631,0.0118
19111,0.1156,0.0155
19113,0.0674,0.0135
19115,0.1156,0.0155
19117,0.0794,0.0174
19119,0.0579,0.0093
19121,0.0746,0.0111
19123,0.0682,0.0111
19125,0.0746,0.0111
19127,0.1196,0.0177
19129,0.0780,0.0101
19131,0.0631,0.0118
19133,0.0940,0.0130
19135,0.0794,0.0174
19137,0.0780,0.0101
19139,0.0818,0.0149
19141,0.0579,0.0093
19143,0.0579,0.0093
19145,0.0780,0.0101
19147,0.0579,0.0093
19149,0.0823,0.0136
19151,0.0940,0.0130
19153,0.0734,0.0146
19155,0.0780,0.0101
19157,0.1196,0.0177
19159,0.0794,0.0174
19161,0.0940,0.0130
19163,0.0687,0.0130
19165,0.0780,0.0101
19167,0.0579,0.0093
19169,0.1194,0.0194
19171,0.1196,0.0177
19173,0.0794,0.0174
19175,0.0794,0.0174
19177,0.0682,0.0111
19179,0.0682,0.0111
19181,0.0746,0.0111
19183,0.0682,0.0111
19185,0.0794,0.0174
19187,0.0729,0.0110
19189,0.0631,0.0118
19191,0.0555,0.0106
19193,0.0823,0.0136
19195,0.0631,0.0118
19197,0.0729,0.0110
20001,0.1424,0.0221
20003,0.1424,0.0221
20005,0.0565,0.0134
20007,0.1324,0.0188
20009,0.1324,0.0188
20011,0.1424,0.0221
20013,0.0620,0.0098
20015,0.1446,0.0199
20017,0.1316,0.0209
20019,0.1316,0.0209
20021,0.1055,0.0157
20023,0.1210,0.0182
20025,0.1191,0.0216
20027,0.0831,0.0093
20029,0.0831,0.0093
20031,0.1316,0.0209
20033,0.1324,0.0188
20035,0.1320,0.0200
20037,0.1055,0.0157
20039,0.1210,0.0182
20041,0.0831,0.0093
20043,0.0565,0.0134
20045,0.1414,0.0283
20047,0.1324,0.0188
20049,0.1316,0.0209
20051,0.1210,0.0182
20053,0.0831,0.0093
20055,0.1191,0.0216
20057,0.1191,0.0216
20059,0.1424,0.0221
20061,0.0983,0.0176
20063,0.1210,0.0182
20065,0.1210,0.0182
20067,0.1191,0.0216
20069,0.1191,0.0216
20071,0.1210,0.0182
20073,0.1316,0.0209
20075,0.1191,0.0216
20077,0.1324,0.0188
20079,0.0436,0.0075
20081,0.1191,0.0216
20083,0.1191,0.0216
20085,0.0620,0.0098
20087,0.0565,0.0134
20089,0.0831,0.0093
20091,0.0595,0.0051
20093,0.1191,0.0216
20095,0.1324,0.0188
20097,0.1324,0.0188
20099,0.1055,0.0157
20101,0.1210,0.0182
20103,0.0565,0.0134
20105,0.0831,0.0093
20107,0.1424,0.0221
20109,0.1210,0.0182
20111,0.1316,0.0209
20113,0.0974,0.0163
20115,0.1316,0.0209
20117,0.0831,0.0093
20119,0.1191,0.0216
20121,0.1424,0.0221
20123,0.0831,0.0093
20125,0.1055,0.0157
20127,0.1316,0.0209
20129,0.1191,0.0216
20131,0.0831,0.0093
20133,0.1055,0.0157
20135,0.1210,0.0182
20137,0.1210,0.0182
20139,0.0620,0.0098
20141,0.1210,0.0182
20143,0.0831,0.0093
20145,0.1324,0.0188
20147,0.1210,0.0182
20149,0.0983,0.0176
20151,0.1324,0.0188
20153,0.1210,0.0182
20155,0.0974,0.0163
20157,0.0831,0.0093
20159,0.0974,0.0163
20161,0.0983,0.0176
20163,0.1210,0.0182
20165,0.1324,0.0188
20167,0.1210,0.0182
20169,0.0831,0.0093
20171,0.1210,0.0182
20173,0.1271,0.0184
20175,0.1191,0.0216
20177,0.0956,0.0176
20179,0.1210,0.0182
20181,0.1210,0.0182
20183,0.1210,0.0182
20185,0.1324,0.0188
20187,0.1191,0.0216
20189,0.1191,0.0216
20191,0.1324,0.0188
20193,0.1210,0.0182
20195,0.1210,0.0182
20197,0.0620,0.0098
20199,0.1210,0.0182
20201,0.0831,0.0093
20203,0.1210,0.0182
20205,0.1316,0.0209
20207,0.1316,0.0209
20209,0.1847,0.0201
21001,0.1783,0.0206
21003,0.2007,0.0175
21005,0.1241,0.0196
21007,0.1225,0.0192
21009,0.2007,0.0175
21011,0.1961,0.0182
21013,0.3254,0.0289
21015,0.0790,0.0183
21017,0.1392,0.0185
21019,0.2533,0.0221
21021,0.1361,0.0228
21023,0.1961,0.0182
21025,0.3105,0.0232
21027,0.1436,0.0191
21029,0.0791,0.0163
21031,0.2007,0.0175
21033,0.2058,0.0253
21035,0.1225,0.0192
21037,0.1123,0.0111
21039,0.1225,0.0192
21041,0.1123,0.0111
21043,0.2533,0.0221
21045,0.1783,0.0206
21047,0.1725,0.0291
21049,0.1392,0.0185
21051,0.3374,0.0308
21053,0.1783,0.0206
21055,0.2058,0.0253
21057,0.1783,0.0206
21059,0.1443,0.0217
21061,0.2007,0.0175
21063,0.2533,0.0221
21065,0.1462,0.0213
21067,0.1537,0.0181
21069,0.1961,0.0182
21071,0.2660,0.0222
21073,0.1241,0.0196
21075,0.1225,0.0192
21077,0.1123,0.0111
21079,0.1361,0.0228
21081,0.1123,0.0111
21083,0.1225,0.0192
21085,0.1436,0.0191
21087,0.1783,0.0206
21089,0.2533,0.0221
21091,0.1443,0.0217
21093,0.1339,0.0178
21095,0.3254,0.0289
21097,0.1392,0.0185
21099,0.2007,0.0175
21101,0.1060,0.0146
21103,0.0809,0.0141
21105,0.1225,0.0192
21107,0.2058,0.0253
21109,0.3374,0.0308
21111,0.3070,0.0094
21113,0.1361,0.0228
21115,0.2660,0.0222
21117,0.1106,0.0170
21119,0.3105,0.0232
21121,0.3254,0.0289
21123,0.0856,0.0115
21125,0.3374,0.0308
21127,0.2533,0.0221
21129,0.3105,0.0232
21131,0.3105,0.0232
21133,0.3105,0.0232
21135,0.1961,0.0182
21137,0.1361,0.0228
21139,0.2058,0.0253
21141,0.2007,0.0175
21143,0.1725,0.0291
21145,0.1225,0.0192
21147,0.1601,0.0210
21149,0.1060,0.0146
21151,0.1462,0.0213
21153,0.2660,0.0222
21155,0.0856,0.0115
21157,0.1225,0.0192
21159,0.2660,0.0222
21161,0.1961,0.0182
21163,0.1436,0.0191
21165,0.1961,0.0182
21167,0.1241,0.0196
21169,0.2007,0.0175
21171,0.2007,0.0175
21173,0.1961,0.0182
21175,0.1961,0.0182
21177,0.2058,0.0253
21179,0.0856,0.0115
21181,0.1392,0.0185
21183,0.1060,0.0146
21185,0.0809,0.0141
21187,0.1123,0.0111
21189,0.3105,0.0232
21191,0.1123,0.0111
21193,0.3105,0.0232
21195,0.2660,0.0222
21197,0.1462,0.0213
21199,0.1601,0.0210
21201,0.1961,0.0182
21203,0.3374,0.0308
21205,0.1961,0.0182
21207,0.1783,0.0206
21209,0.1392,0.0185
21211,0.0802,0.0149
21213,0.2007,0.0175
21215,0.0791,0.0163
21217,0.1783,0.0206
21219,0.1725,0.0291
21221,0.1725,0.0291
21223,0.0809,0.0141
21225,0.1060,0.0146
21227,0.1381,0.0193
21229,0.0856,0.0115
21231,0.1601,0.0210
21233,0.1060,0.0146
21235,0.3254,0.0289
21237,0.3105,0.0232
21239,0.1241,0.0196
22001,0.1818,0.0200
22003,0.0983,0.0169
22005,0.1002,0.0222
22007,0.1520,0.0207
22009,0.1973,0.0190
22011,0.0983,0.0169
22013,0.2299,0.0179
22015,0.1384,0.0189
22017,0.4166,0.0282
22019,0.1202,0.0170
22021,0.2259,0.0197
22023,0.1370,0.0171
22025,0.1973,0.0190
22027,0.2299,0.0179
22029,0.1973,0.0190
22031,0.2299,0.0179
22033,0.1830,0.0283
22035,0.2259,0.0197
22037,0.1711,0.0264
22039,0.2149,0.0219
22041,0.2259,0.0197
22043,0.1973,0.0190
22045,0.2008,0.0198
22047,0.1711,0.0264
22049,0.2259,0.0197
22051,0.1715,0.0214
22053,0.1370,0.0171
22055,0.1431,0.0261
22057,0.1520,0.0207
22059,0.1973,0.0190
22061,0.2299,0.0179
22063,0.1130,0.0185
22065,0.2259,0.0197
22067,0.2259,0.0197
22069,0.2299,0.0179
22071,0.4287,0.0235
22073,0.3684,0.0232
22075,0.1900,0.0208
22077,0.1711,0.0264
22079,0.1931,0.0171
22081,0.2299,0.0179
22083,0.2259,0.0197
22085,0.2299,0.0179
22087,0.1900,0.0208
22089,0.1419,0.0184
22091,0.1130,0.0185
22093,0.1419,0.0184
22095,0.1419,0.0184
22097,0.2149,0.0219
22099,0.2008,0.0198
22101,0.2008,0.0198
22103,0.1077,0.0196
22105,0.2073,0.0253
22107,0.2259,0.0197
22109,0.2413,0.0256
22111,0.2259,0.0197
22113,0.1818,0.0200
22115,0.1931,0.0171
22117,0.2073,0.0253
22119,0.1384,0.0189
22121,0.1711,0.0264
22123,0.2259,0.0197
22125,0.1711,0.0264
22127,0.1973,0.0190
23001,0.1179,0.0172
23003,0.1492,0.0135
23005,0.0755,0.0143
23007,0.1471,0.0174
23009,0.0827,0.0122
23011,0.1286,0.0196
23013,0.0827,0.0122
23015,0.0827,0.0122
23017,0.1471,0.0174
23019,0.1449,0.0197
23021,0.1471,0.0174
23023,0.0754,0.0164
23025,0.1471,0.0174
23027,0.0827,0.0122
23029,0.1492,0.0135
23031,0.0483,0.0104
24001,0.1353,0.0149
24003,0.0818,0.0167
24005,0.1121,0.0072
24009,0.0904,0.0140
24011,0.1062,0.0125
24013,0.0400,0.0069
24015,0.0976,0.0222
24017,0.0685,0.0129
24019,0.1062,0.0125
24021,0.0704,0.0134
24023,0.1353,0.0149
24025,0.0841,0.0177
24027,0.0709,0.0142
24029,0.1062,0.0125
24031,0.0862,0.0053
24033,0.1098,0.0066
24035,0.1062,0.0125
24037,0.0904,0.0140
24039,0.1448,0.0179
24041,0.1062,0.0125
24043,0.1364,0.0209
24045,0.1448,0.0179
24047,0.1448,0.0179
24510,0.3697,0.0114
25001,0.0635,0.0121
25003,0.0819,0.0100
25005,0.1130,0.0185
25007,0.0621,0.0147
25009,0.1251,0.0063
25011,0.1117,0.0152
25013,0.1236,0.0146
25015,0.0981,0.0136
25017,0.0802,0.0037
25019,0.0621,0.0147
25021,0.0808,0.0060
25023,0.0745,0.0133
25025,0.1862,0.0071
25027,0.0978,0.0051
26001,0.1412,0.0151
26003,0.1170,0.0114
26005,0.0727,0.0141
26007,0.1412,0.0151
26009,0.1061,0.0107
26011,0.1689,0.0160
26013,0.1328,0.0159
26015,0.1231,0.0171
26017,0.1127,0.0141
26019,0.0769,0.0134
26021,0.1592,0.0191
26023,0.1519,0.0259
26025,0.1231,0.0171
26027,0.1056,0.0170
26029,0.1061,0.0107
26031,0.1412,0.0151
26033,0.1170,0.0114
26035,0.1729,0.0220
26037,0.0732,0.0109
26039,0.1412,0.0151
26041,0.1170,0.0114
26043,0.1328,0.0159
26045,0.0732,0.0109
26047,0.1061,0.0107
26049,0.1695,0.0194
26051,0.1689,0.0160
26053,0.1328,0.0159
26055,0.0769,0.0134
26057,0.1729,0.0220
26059,0.1055,0.0131
26061,0.1328,0.0159
26063,0.1514,0.0182
26065,0.1686,0.0224
26067,0.1224,0.0121
26069,0.1689,0.0160
26071,0.1328,0.0159
26073,0.1729,0.0220
26075,0.1134,0.0156
26077,0.1034,0.0173
26079,0.1061,0.0107
26081,0.0999,0.0064
26083,0.1328,0.0159
26085,0.1465,0.0146
26087,0.0614,0.0083
26089,0.0769,0.0134
26091,0.1055,0.0131
26093,0.0484,0.0087
26095,0.1170,0.0114
26097,0.1170,0.0114
26099,0.1141,0.0055
26101,0.0769,0.0134
26103,0.1328,0.0159
26105,0.1465,0.0146
26107,0.1224,0.0121
26109,0.1170,0.0114
26111,0.1127,0.0141
26113,0.1061,0.0107
26115,0.0960,0.0165
26117,0.1224,0.0121
26119,0.1412,0.0151
26121,0.1471,0.0154
26123,0.1465,0.0146
26125,0.0833,0.0042
26127,0.1465,0.0146
26129,0.1689,0.0160
26131,0.1328,0.0159
26133,0.1224,0.0121
26135,0.1412,0.0151
26137,0.1412,0.0151
26139,0.0631,0.0155
26141,0.1412,0.0151
26143,0.1689,0.0160
26145,0.1591,0.0158
26147,0.0957,0.0122
26149,0.1519,0.0259
26151,0.1514,0.0182
26153,0.1170,0.0114
26155,0.1080,0.0149
26157,0.1514,0.0182
26159,0.1056,0.0170
26161,0.1008,0.0173
26163,0.3814,0.0050
26165,0.1061,0.0107
27001,0.0983,0.0095
27003,0.0541,0.0132
27005,0.1378,0.0197
27007,0.1378,0.0197
27009,0.0470,0.0096
27011,0.1064,0.0157
27013,0.1023,0.0183
27015,0.0657,0.0086
27017,0.0964,0.0146
27019,0.0299,0.0121
27021,0.0983,0.0095
27023,0.0657,0.0086
27025,0.0664,0.0113
27027,0.1168,0.0186
27029,0.1378,0.0197
27031,0.0962,0.0151
27033,0.1119,0.0160
27035,0.0970,0.0155
27037,0.0668,0.0132
27039,0.0681,0.0128
27041,0.1064,0.0157
27043,0.1119,0.0160
27045,0.0591,0.0111
27047,0.0681,0.0128
27049,0.0956,0.0127
27051,0.1064,0.0157
27053,0.0962,0.0036
27055,0.0591,0.0111
27057,0.1378,0.0197
27059,0.0664,0.0113
27061,0.0983,0.0095
27063,0.1119,0.0160
27065,0.0664,0.0113
27067,0.1009,0.0155
27069,0.1168,0.0186
27071,0.0962,0.0151
27073,0.0657,0.0086
27075,0.0962,0.0151
27077,0.1378,0.0197
27079,0.0956,0.0127
27081,0.0657,0.0086
27083,0.0657,0.0086
27085,0.1009,0.0155
27087,0.1378,0.0197
27089,0.1168,0.0186
27091,0.1119,0.0160
27093,0.1009,0.0155
27095,0.0664,0.0113
27097,0.0970,0.0155
27099,0.0681,0.0128
27101,0.1119,0.0160
27103,0.1023,0.0183
27105,0.1119,0.0160
27107,0.1168,0.0186
27109,0.0763,0.0167
27111,0.1064,0.0157
27113,0.1168,0.0186
27115,0.0664,0.0113
27117,0.1119,0.0160
27119,0.1168,0.0186
27121,0.1064,0.0157
27123,0.1417,0.0231
27125,0.1168,0.0186
27127,0.0657,0.0086
27129,0.1009,0.0155
27131,0.0956,0.0127
27133,0.1119,0.0160
27135,0.1168,0.0186
27137,0.1021,0.0159
27139,0.0541,0.0140
27141,0.0470,0.0096
27143,0.1009,0.0155
27145,0.1152,0.0207
27147,0.0681,0.0128
27149,0.1064,0.0157
27151,0.1064,0.0157
27153,0.0970,0.0155
27155,0.1064,0.0157
27157,0.0591,0.0111
27159,0.0970,0.0155
27161,0.1023,0.0183
27163,0.0387,0.0110
27165,0.1119,0.0160
27167,0.1064,0.0157
27169,0.0591,0.0111
27171,0.0287,0.0084
27173,0.0657,0.0086
28001,0.2332,0.0242
28003,0.1871,0.0195
28005,0.2332,0.0242
28007,0.2603,0.0174
28009,0.1871,0.0195
28011,0.2691,0.0212
28013,0.1737,0.0193
28015,0.2603,0.0174
28017,0.1737,0.0193
28019,0.2403,0.0228
28021,0.2332,0.0242
28023,0.1770,0.0204
28025,0.2403,0.0228
28027,0.2794,0.0218
28029,0.2018,0.0204
28031,0.1522,0.0215
28033,0.0718,0.0120
28035,0.2117,0.0204
28037,0.2332,0.0242
28039,0.1820,0.0269
28041,0.1522,0.0215
28043,0.2603,0.0174
28045,0.1820,0.0269
28047,0.1537,0.0171
28049,0.2450,0.0208
28051,0.2603,0.0174
28053,0.2691,0.0212
28055,0.2691,0.0212
28057,0.1737,0.0193
28059,0.1258,0.0160
28061,0.2358,0.0260
28063,0.2332,0.0242
28065,0.1522,0.0215
28067,0.1522,0.0215
28069,0.2358,0.0260
28071,0.1737,0.0193
28073,0.2117,0.0204
28075,0.1770,0.0204
28077,0.2332,0.0242
28079,0.2358,0.0260
28081,0.1309,0.0170
28083,0.2603,0.0174
28085,0.2332,0.0242
28087,0.2403,0.0228
28089,0.2138,0.0202
28091,0.2117,0.0204
28093,0.1871,0.0195
28095,0.1737,0.0193
28097,0.2603,0.0174
28099,0.2358,0.0260
28101,0.1770,0.0204
28103,0.2403,0.0228
28105,0.2403,0.0228
28107,0.2794,0.0218
28109,0.1820,0.0269
28111,0.2117,0.0204
28113,0.2332,0.0242
28115,0.1309,0.0170
28117,0.1871,0.0195
28119,0.2794,0.0218
28121,0.0981,0.0164
28123,0.2358,0.0260
28125,0.2691,0.0212
28127,0.0981,0.0164
28129,0.2358,0.0260
28131,0.1820,0.0269
28133,0.2691,0.0212
28135,0.2794,0.0218
28137,0.2794,0.0218
28139,0.1871,0.0195
28141,0.1871,0.0195
28143,0.2794,0.0218
28145,0.1309,0.0170
28147,0.2332,0.0242
28149,0.2018,0.0204
28151,0.2691,0.0212
28153,0.1522,0.0215
28155,0.2403,0.0228
28157,0.2332,0.0242
28159,0.2403,0.0228
28161,0.2603,0.0174
28163,0.1214,0.0195
29001,0.1662,0.0191
29003,0.1331,0.0217
29005,0.1136,0.0122
29007,0.0994,0.0146
29009,0.1308,0.0160
29011,0.1514,0.0198
29013,0.1216,0.0173
29015,0.1372,0.0170
29017,0.1481,0.0170
29019,0.0897,0.0159
29021,0.1331,0.0217
29023,0.1984,0.0222
29025,0.1012,0.0128
29027,0.1096,0.0180
29029,0.1238,0.0178
29031,0.1481,0.0170
29033,0.1006,0.0135
29035,0.1984,0.0222
29037,0.1216,0.0173
29039,0.1514,0.0198
29041,0.1006,0.0135
29043,0.1088,0.0204
29045,0.1662,0.0191
29047,0.0557,0.0135
29049,0.1012,0.0128
29051,0.1096,0.0180
29053,0.1006,0.0135
29055,0.1881,0.0240
29057,0.1514,0.0198
29059,0.1372,0.0170
29061,0.1136,0.0122
29063,0.1331,0.0217
29065,0.1881,0.0240
29067,0.1919,0.0210
29069,0.2010,0.0160
29071,0.1292,0.0215
29073,0.1881,0.0240
29075,0.1136,0.0122
29077,0.1433,0.0198
29079,0.1136,0.0122
29081,0.1136,0.0122
29083,0.1514,0.0198
29085,0.1372,0.0170
29087,0.1136,0.0122
29089,0.1006,0.0135
29091,0.1919,0.0210
29093,0.1984,0.0222
29095,0.1131,0.0062
29097,0.1473,0.0196
29099,0.0870,0.0179
29101,0.1012,0.0128
29103,0.1662,0.0191
29105,0.1372,0.0170
29107,0.1012,0.0128
29109,0.1514,0.0198
29111,0.1662,0.0191
29113,0.0994,0.0146
29115,0.1136,0.0122
29117,0.1136,0.0122
29119,0.1308,0.0160
29121,0.1662,0.0191
29123,0.1984,0.0222
29125,0.1881,0.0240
29127,0.1662,0.0191
29129,0.1136,0.0122
29131,0.1238,0.0178
29133,0.2010,0.0160
29135,0.1096,0.0180
29137,0.1662,0.0191
29139,0.0994,0.0146
29141,0.1238,0.0178
29143,0.2010,0.0160
29145,0.1473,0.0196
29147,0.1136,0.0122
29149,0.1919,0.0210
29151,0.1096,0.0180
29153,0.1919,0.0210
29155,0.2010,0.0160
29157,0.1552,0.0214
29159,0.1006,0.0135
29161,0.1881,0.0240
29163,0.0994,0.0146
29165,0.0504,0.0131
29167,0.1372,0.0170
29169,0.1238,0.0178
29171,0.1136,0.0122
29173,0.1662,0.0191
29175,0.1006,0.0135
29177,0.1012,0.0128
29179,0.1984,0.0222
29181,0.1984,0.0222
29183,0.0446,0.0125
29185,0.1514,0.0198
29186,0.1552,0.0214
29187,0.1552,0.0214
29189,0.1043,0.0053
29195,0.1006,0.0135
29197,0.1662,0.0191
29199,0.1662,0.0191
29201,0.1481,0.0170
29203,0.1919,0.0210
29205,0.1662,0.0191
29207,0.2010,0.0160
29209,0.1308,0.0160
29211,0.1136,0.0122
29213,0.1308,0.0160
29215,0.1919,0.0210
29217,0.1514,0.0198
29219,0.0994,0.0146
29221,0.1552,0.0214
29223,0.1984,0.0222
29225,0.1088,0.0204
29227,0.1136,0.0122
29229,0.1919,0.0210
29510,0.3680,0.0237
30001,0.0997,0.0162
30003,0.1013,0.0135
30005,0.1057,0.0151
30007,0.0997,0.0162
30009,0.0698,0.0112
30011,0.1013,0.0135
30013,0.1057,0.0151
30015,0.1057,0.0151
30017,0.1013,0.0135
30019,0.1013,0.0135
30021,0.1013,0.0135
30023,0.0997,0.0162
30025,0.1013,0.0135
30027,0.1057,0.0151
30029,0.0804,0.0138
30031,0.0698,0.0112
30033,0.1013,0.0135
30035,0.0804,0.0138
30037,0.1013,0.0135
30039,0.0997,0.0162
30041,0.1057,0.0151
30043,0.0997,0.0162
30045,0.1057,0.0151
30047,0.1269,0.0157
30049,0.0997,0.0162
30051,0.1057,0.0151
30053,0.0804,0.0138
30055,0.1013,0.0135
30057,0.0997,0.0162
30059,0.1057,0.0151
30061,0.1269,0.0157
30063,0.1269,0.0157
30065,0.1013,0.0135
30067,0.0698,0.0112
30069,0.1057,0.0151
30071,0.1013,0.0135
30073,0.1057,0.0151
30075,0.1013,0.0135
30077,0.0997,0.0162
30079,0.1013,0.0135
30081,0.1269,0.0157
30083,0.1013,0.0135
30085,0.1013,0.0135
30087,0.1013,0.0135
30089,0.1269,0.0157
30091,0.1013,0.0135
30093,0.0997,0.0162
30095,0.0698,0.0112
30097,0.0698,0.0112
30099,0.1057,0.0151
30101,0.1057,0.0151
30103,0.1013,0.0135
30105,0.1013,0.0135
30107,0.1057,0.0151
30109,0.1013,0.0135
30111,0.0833,0.0153
31001,0.1111,0.0196
31003,0.1132,0.0175
31005,0.0668,0.0133
31007,0.0792,0.0145
31009,0.0851,0.0204
31011,0.1132,0.0175
31013,0.0792,0.0145
31015,0.0792,0.0145
31017,0.0792,0.0145
31019,0.1111,0.0196
31021,0.1132,0.0175
31023,0.0743,0.0111
31025,0.0825,0.0157
31027,0.1132,0.0175
31029,0.0668,0.0133
31031,0.0792,0.0145
31033,0.0792,0.0145
31035,0.1111,0.0196
31037,0.1132,0.0175
31039,0.1132,0.0175
31041,0.0851,0.0204
31043,0.1132,0.0175
31045,0.0792,0.0145
31047,0.0668,0.0133
31049,0.0792,0.0145
31051,0.1132,0.0175
31053,0.0825,0.0157
31055,0.1417,0.0205
31057,0.0668,0.0133
31059,0.0743,0.0111
31061,0.1111,0.0196
31063,0.0668,0.0133
31065,0.0668,0.0133
31067,0.0743,0.0111
31069,0.0792,0.0145
31071,0.0851,0.0204
31073,0.0668,0.0133
31075,0.0668,0.0133
31077,0.0851,0.0204
31079,0.0851,0.0204
31081,0.0851,0.0204
31083,0.1111,0.0196
31085,0.0668,0.0133
31087,0.0668,0.0133
31089,0.0792,0.0145
31091,0.0668,0.0133
31093,0.0851,0.0204
31095,0.0743,0.0111
31097,0.0743,0.0111
31099,0.1111,0.0196
31101,0.0668,0.0133
31103,0.0792,0.0145
31105,0.0792,0.0145
31107,0.1132,0.0175
31109,0.0774,0.0176
31111,0.0668,0.0133
31113,0.0668,0.0133
31115,0.0851,0.0204
31117,0.0668,0.0133
31119,0.1132,0.0175
31121,0.0851,0.0204
31123,0.0792,0.0145
31125,0.1132,0.0175
31127,0.0743,0.0111
31129,0.1111,0.0196
31131,0.0743,0.0111
31133,0.0743,0.0111
31135,0.0668,0.0133
31137,0.1111,0.0196
31139,0.1132,0.0175
31141,0.1132,0.0175
31143,0.0743,0.0111
31145,0.0668,0.0133
31147,0.0743,0.0111
31149,0.0792,0.0145
31151,0.0743,0.0111
31153,0.0536,0.0113
31155,0.0825,0.0157
31157,0.0792,0.0145
31159,0.0743,0.0111
31161,0.0792,0.0145
31163,0.0851,0.0204
31165,0.0792,0.0145
31167,0.1132,0.0175
31169,0.0743,0.0111
31171,0.0668,0.0133
31173,0.1132,0.0175
31175,0.0851,0.0204
31177,0.0825,0.0157
31179,0.1132,0.0175
31181,0.1111,0.0196
31183,0.0851,0.0204
31185,0.0743,0.0111
32001,0.1244,0.0148
32003,0.1429,0.0035
32005,0.1146,0.0165
32007,0.1244,0.0148
32009,0.1244,0.0148
32011,0.1244,0.0148
32013,0.1244,0.0148
32015,0.1244,0.0148
32017,0.1244,0.0148
32019,0.1146,0.0165
32021,0.1244,0.0148
32023,0.1244,0.0148
32027,0.1244,0.0148
32029,0.1146,0.0165
32031,0.0908,0.0143
32033,0.1244,0.0148
32510,0.1146,0.0165
33001,0.1082,0.0156
33003,0.0858,0.0138
33005,0.0764,0.0142
33007,0.0871,0.0131
33009,0.0871,0.0131
33011,0.0606,0.0128
33013,0.1004,0.0158
33015,0.0733,0.0122
33017,0.0828,0.0136
33019,0.0764,0.0142
34001,0.1693,0.0190
34003,0.0894,0.0061
34005,0.0730,0.0134
34007,0.1264,0.0174
34009,0.1019,0.0149
34011,0.1958,0.0281
34013,0.1788,0.0075
34015,0.0717,0.0119
34017,0.1555,0.0085
34019,0.0516,0.0102
34021,0.1473,0.0202
34023,0.1063,0.0062
34025,0.0868,0.0058
34027,0.0472,0.0099
34029,0.1235,0.0082
34031,0.1722,0.0195
34033,0.2137,0.0281
34035,0.0729,0.0168
34037,0.0603,0.0113
34039,0.1147,0.0205
34041,0.0542,0.0117
35001,0.1598,0.0089
35003,0.4479,0.0289
35005,0.1424,0.0192
35006,0.6003,0.0249
35007,0.1829,0.0231
35009,0.1829,0.0231
35011,0.1829,0.0231
35013,0.2378,0.0329
35015,0.1342,0.0205
35017,0.4479,0.0289
35019,0.1829,0.0231
35021,0.1829,0.0231
35023,0.4479,0.0289
35025,0.1342,0.0205
35027,0.1424,0.0192
35028,0.2419,0.0306
35029,0.4479,0.0289
35031,0.6003,0.0249
35033,0.2419,0.0306
35035,0.1424,0.0192
35037,0.1829,0.0231
35039,X,X
35041,0.1829,0.0231
35043,0.1870,0.0188
35045,0.3946,0.0290
35047,0.2419,0.0306
35049,0.1002,0.0146
35051,0.4479,0.0289
35053,0.4479,0.0289
35055,0.2419,0.0306
35057,0.4479,0.0289
35059,0.1829,0.0231
35061,0.1742,0.0328
36001,0.1268,0.0189
36003,0.1389,0.0127
36005,0.3428,0.0081
36007,0.1226,0.0176
36009,0.1389,0.0127
36011,0.0971,0.0203
36013,0.1753,0.0217
36015,0.1355,0.0176
36017,0.1408,0.0193
36019,0.1176,0.0117
36021,0.0970,0.0144
36023,0.1020,0.0152
36025,0.1408,0.0193
36027,0.0980,0.0135
36029,0.1342,0.0047
36031,0.1176,0.0117
36033,0.1176,0.0117
36035,0.1694,0.0236
36037,0.1336,0.0186
36039,0.0970,0.0144
36041,0.1176,0.0117
36043,0.0842,0.0124
36045,0.1338,0.0192
36047,0.2311,0.0043
36049,0.1338,0.0192
36051,0.0944,0.0117
36053,0.1020,0.0152
36055,0.1453,0.0061
36057,0.1694,0.0236
36059,0.0851,0.0042
36061,0.1713,0.0060
36063,0.1132,0.0146
36065,0.1611,0.0181
36067,0.0924,0.0141
36069,0.0571,0.0099
36071,0.1278,0.0232
36073,0.1336,0.0186
36075,0.1250,0.0176
36077,0.0947,0.0131
36079,0.0586,0.0109
36081,0.1689,0.0044
36083,0.1297,0.0155
36085,0.1488,0.0219
36087,0.1527,0.0244
36089,0.1729,0.0230
36091,0.0558,0.0107
36093,0.1168,0.0196
36095,0.0947,0.0131
36097,0.1247,0.0135
36099,0.1126,0.0143
36101,0.1336,0.0169
36103,0.0908,0.0049
36105,0.1656,0.0249
36107,0.0667,0.0139
36109,0.1808,0.0218
36111,0.1320,0.0207
36113,0.1038,0.0119
36115,0.1038,0.0119
36117,0.1126,0.0143
36119,0.1137,0.0051
36121,0.0944,0.0117
36123,0.0571,0.0099
37001,0.1591,0.0162
37003,0.1345,0.0168
37005,0.1633,0.0185
37007,0.1307,0.0172
37009,0.1721,0.0181
37011,0.1721,0.0181
37013,0.1421,0.0172
37015,0.1693,0.0233
37017,0.1674,0.0232
37019,0.1026,0.0153
37021,0.0982,0.0156
37023,0.1616,0.0201
37025,0.1043,0.0186
37027,0.1345,0.0168
37029,0.1529,0.0201
37031,0.1421,0.0172
37033,0.1364,0.0184
37035,0.1264,0.0136
37037,0.1389,0.0159
37039,0.1440,0.0189
37041,0.1529,0.0201
37043,0.1440,0.0189
37045,0.1239,0.0168
37047,0.1674,0.0232
37049,0.1584,0.0233
37051,0.1683,0.0202
37053,0.1529,0.0201
37055,0.1693,0.0233
37057,0.1355,0.0170
37059,0.1255,0.0172
37061,0.2046,0.0191
37063,0.1833,0.0217
37065,0.1376,0.0186
37067,0.1429,0.0165
37069,0.1848,0.0222
37071,0.1356,0.0174
37073,0.1529,0.0201
37075,0.1422,0.0194
37077,0.1364,0.0184
37079,0.1846,0.0264
37081,0.1179,0.0184
37083,0.2205,0.0205
37085,0.1636,0.0192
37087,0.1422,0.0194
37089,0.1280,0.0180
37091,0.2205,0.0205
37093,0.1835,0.0170
37095,0.1693,0.0233
37097,0.0912,0.0145
37099,0.1425,0.0193
37101,0.1472,0.0188
37103,0.1936,0.0206
37105,0.1389,0.0159
37107,0.1936,0.0206
37109,0.1191,0.0173
37111,0.1616,0.0201
37113,0.1440,0.0189
37115,0.1422,0.0194
37117,0.1693,0.0233
37119,0.2550,0.0067
37121,0.1721,0.0181
37123,0.0864,0.0140
37125,0.0864,0.0140
37127,0.1376,0.0186
37129,0.1068,0.0160
37131,0.2205,0.0205
37133,0.1141,0.0174
37135,0.1017,0.0181
37137,0.1421,0.0172
37139,0.1529,0.0201
37141,0.0985,0.0152
37143,0.1529,0.0201
37145,0.1364,0.0184
37147,0.1989,0.0197
37149,0.1286,0.0163
37151,0.1618,0.0267
37153,0.1835,0.0170
37155,0.1750,0.0229
37157,0.1482,0.0197
37159,0.1325,0.0219
37161,0.1286,0.0163
37163,0.2046,0.0191
37165,0.1835,0.0170
37167,0.0968,0.0196
37169,0.1482,0.0197
37171,0.1633,0.0185
37173,0.1422,0.0194
37175,0.1280,0.0180
37177,0.1693,0.0233
37179,0.0856,0.0132
37181,0.1848,0.0222
37183,0.0771,0.0053
37185,0.2100,0.0210
37187,0.1693,0.0233
37189,0.1721,0.0181
37191,0.2103,0.0246
37193,0.1633,0.0185
37195,0.1846,0.0264
37197,0.1255,0.0172
37199,0.1721,0.0181
38001,0.0632,0.0089
38003,0.1058,0.0131
38005,0.1058,0.0131
38007,0.0632,0.0089
38009,0.1058,0.0131
38011,0.0632,0.0089
38013,0.0632,0.0089
38015,0.0681,0.0119
38017,0.0399,0.0076
38019,0.1083,0.0162
38021,0.1058,0.0131
38023,0.0632,0.0089
38025,0.0632,0.0089
38027,0.1058,0.0131
38029,0.0681,0.0119
38031,0.1058,0.0131
38033,0.0632,0.0089
38035,0.1083,0.0162
38037,0.0632,0.0089
38039,0.1083,0.0162
38041,0.0632,0.0089
38043,0.0681,0.0119
38045,0.1058,0.0131
38047,0.0681,0.0119
38049,0.0632,0.0089
38051,0.0681,0.0119
38053,0.0632,0.0089
38055,0.0632,0.0089
38057,0.0632,0.0089
38059,0.0681,0.0119
38061,0.0632,0.0089
38063,0.1058,0.0131
38065,0.0632,0.0089
38067,0.1083,0.0162
38069,0.1058,0.0131
38071,0.1058,0.0131
38073,0.1058,0.0131
38075,0.0632,0.0089
38077,0.1058,0.0131
38079,0.1058,0.0131
38081,0.1058,0.0131
38083,0.1058,0.0131
38085,0.0632,0.0089
38087,0.0632,0.0089
38089,0.0632,0.0089
38091,0.1083,0.0162
38093,0.1058,0.0131
38095,0.1083,0.0162
38097,0.1083,0.0162
38099,0.1083,0.0162
38101,0.0632,0.0089
38103,0.1058,0.0131
38105,0.0632,0.0089
39001,0.1400,0.0192
39003,0.1492,0.0233
39005,0.1443,0.0220
39007,0.1593,0.0255
39009,0.2302,0.0192
39011,0.0661,0.0109
39013,0.1034,0.0160
39015,0.1534,0.0189
39017,0.0926,0.0128
39019,0.1229,0.0212
39021,0.1042,0.0122
39023,0.1412,0.0196
39025,0.1277,0.0175
39027,0.1400,0.0192
39029,0.1100,0.0226
39031,0.1542,0.0211
39033,0.0935,0.0144
39035,0.3154,0.0052
39037,0.0743,0.0110
39039,0.0746,0.0100
39041,0.0451,0.0096
39043,0.1192,0.0147
39045,0.0695,0.0128
39047,0.1732,0.0250
39049,0.1402,0.0064
39051,0.1042,0.0167
39053,0.2302,0.0192
39055,0.0909,0.0167
39057,0.0964,0.0153
39059,0.1542,0.0211
39061,0.1377,0.0071
39063,0.0694,0.0115
39065,0.1042,0.0122
39067,0.1025,0.0141
39069,0.0746,0.0100
39071,0.1400,0.0192
39073,0.1860,0.0245
39075,0.1542,0.0211
39077,0.1443,0.0220
39079,0.1860,0.0245
39081,0.1034,0.0160
39083,0.1163,0.0148
39085,0.1039,0.0196
39087,0.1783,0.0179
39089,0.0757,0.0119
39091,0.1042,0.0122
39093,0.1414,0.0197
39095,0.2234,0.0189
39097,0.0775,0.0147
39099,0.1380,0.0152
39101,0.1163,0.0148
39103,0.0381,0.0058
39105,0.2302,0.0192
39107,0.0661,0.0109
39109,0.0787,0.0153
39111,0.1372,0.0199
39113,0.1457,0.0193
39115,0.1372,0.0199
39117,0.1163,0.0148
39119,0.1328,0.0172
39121,0.1372,0.0199
39123,0.0761,0.0145
39125,0.0746,0.0100
39127,0.1328,0.0172
39129,0.0775,0.0147
39131,0.1860,0.0245
39133,0.0980,0.0144
39135,0.0743,0.0110
39137,0.0694,0.0115
39139,0.1466,0.0305
39141,0.1732,0.0250
39143,0.1192,0.0147
39145,0.1783,0.0179
39147,0.0935,0.0144
39149,0.0743,0.0110
39151,0.1295,0.0196
39153,0.1097,0.0161
39155,0.1215,0.0171
39157,0.1025,0.0141
39159,0.0775,0.0147
39161,0.0661,0.0109
39163,0.1860,0.0245
39165,0.0370,0.0116
39167,0.1372,0.0199
39169,0.1333,0.0188
39171,0.0746,0.0100
39173,0.1039,0.0156
39175,0.0935,0.0144
40001,0.1983,0.0212
40003,0.1397,0.0245
40005,0.1438,0.0157
40007,0.1397,0.0245
40009,0.1632,0.0264
40011,0.1397,0.0245
40013,0.1438,0.0157
40015,0.1406,0.0241
40017,0.0643,0.0175
40019,0.1777,0.0216
40021,0.1983,0.0212
40023,0.1773,0.0157
40025,0.1397,0.0245
40027,0.1229,0.0200
40029,0.1438,0.0157
40031,0.1189,0.0222
40033,0.1406,0.0241
40035,0.1371,0.0123
40037,0.1182,0.0152
40039,0.1632,0.0264
40041,0.1371,0.0123
40043,0.1397,0.0245
40045,0.1397,0.0245
40047,0.1089,0.0187
40049,0.1777,0.0216
40051,0.1291,0.0197
40053,0.1397,0.0245
40055,0.1632,0.0264
40057,0.1632,0.0264
40059,0.1397,0.0245
40061,0.1773,0.0157
40063,0.2021,0.0197
40065,0.1632,0.0264
40067,0.1406,0.0241
40069,0.1438,0.0157
40071,0.1089,0.0187
40073,0.1397,0.0245
40075,0.1632,0.0264
40077,0.1773,0.0157
40079,0.1773,0.0157
40081,0.1346,0.0179
40083,0.1346,0.0179
40085,0.1777,0.0216
40087,0.1291,0.0197
40089,0.1773,0.0157
40091,0.1909,0.0171
40093,0.1397,0.0245
40095,0.1438,0.0157
40097,0.1371,0.0123
40099,0.1777,0.0216
40101,0.1909,0.0171
40103,0.1089,0.0187
40105,0.1371,0.0123
40107,0.2021,0.0197
40109,0.1489,0.0076
40111,0.1909,0.0171
40113,0.1099,0.0154
40115,0.1371,0.0123
40117,0.0940,0.0127
40119,0.2021,0.0197
40121,0.1773,0.0157
40123,0.1716,0.0205
40125,0.1331,0.0184
40127,0.1773,0.0157
40129,0.1632,0.0264
40131,0.0890,0.0112
40133,0.2021,0.0197
40135,0.1983,0.0212
40137,0.1406,0.0241
40139,0.1397,0.0245
40141,0.1406,0.0241
40143,0.1277,0.0043
40145,0.1021,0.0125
40147,0.0940,0.0127
40149,0.1632,0.0264
40151,0.1397,0.0245
40153,0.1397,0.0245
41001,0.1167,0.0164
41003,0.1316,0.0161
41005,0.0756,0.0159
41007,0.1618,0.0141
41009,0.1618,0.0141
41011,0.1916,0.0214
41013,0.1069,0.0144
41015,0.1916,0.0214
41017,0.0788,0.0124
41019,0.1048,0.0171
41021,0.1069,0.0144
41023,0.1069,0.0144
41025,0.1700,0.0192
41027,0.1069,0.0144
41029,0.1482,0.0220
41031,0.1069,0.0144
41033,0.1916,0.0214
41035,0.1700,0.0192
41037,0.1700,0.0192
41039,0.1580,0.0218
41041,0.1618,0.0141
41043,0.1316,0.0161
41045,0.1700,0.0192
41047,0.1540,0.0246
41049,0.1069,0.0144
41051,0.1203,0.0053
41053,0.1402,0.0159
41055,0.1069,0.0144
41057,0.1618,0.0141
41059,0.1167,0.0164
41061,0.1167,0.0164
41063,0.1167,0.0164
41065,0.1069,0.0144
41067,0.0986,0.0083
41069,0.1069,0.0144
41071,0.1402,0.0159
42001,0.0648,0.0091
42003,0.1052,0.0037
42005,0.1379,0.0169
42007,0.1005,0.0142
42009,0.1164,0.0117
42011,0.1175,0.0153
42013,0.1162,0.0125
42015,0.1319,0.0162
42017,0.0642,0.0043
42019,0.0644,0.0095
42021,0.1390,0.0165
42023,0.1322,0.0122
42025,0.1001,0.0216
42027,0.1326,0.0167
42029,0.0676,0.0140
42031,0.1469,0.0150
42033,0.1322,0.0122
42035,0.1079,0.0134
42037,0.0951,0.0138
42039,0.1473,0.0176
42041,0.0788,0.0132
42043,0.1217,0.0167
42045,0.0877,0.0141
42047,0.1322,0.0122
42049,0.1362,0.0210
42051,0.1696,0.0186
42053,0.1469,0.0150
42055,0.0751,0.0155
42057,0.1164,0.0117
42059,0.1254,0.0176
42061,0.1162,0.0125
42063,0.1379,0.0169
42065,0.1469,0.0150
42067,0.1337,0.0170
42069,0.1371,0.0224
42071,0.1194,0.0211
42073,0.1080,0.0146
42075,0.1036,0.0173
42077,0.1517,0.0247
42079,0.1266,0.0207
42081,0.1079,0.0134
42083,0.1322,0.0122
42085,0.1086,0.0171
42087,0.1337,0.0170
42089,0.0936,0.0144
42091,0.0621,0.0038
42093,0.1181,0.0165
42095,0.1170,0.0197
42097,0.1181,0.0165
42099,0.0795,0.0117
42101,X,X
42103,0.1087,0.0129
42105,0.1322,0.0122
42107,0.1059,0.0101
42109,0.1337,0.0170
42111,0.1164,0.0117
42113,0.1319,0.0162
42115,0.1087,0.0129
42117,0.1319,0.0162
42119,0.1337,0.0170
42121,0.1469,0.0150
42123,0.1473,0.0176
42125,0.1089,0.0167
42127,0.1087,0.0129
42129,0.1003,0.0144
42131,0.1115,0.0198
42133,0.1024,0.0172
44001,0.0704,0.0099
44003,0.1018,0.0142
44005,0.0704,0.0099
44007,0.1736,0.0105
44009,0.0810,0.0133
45001,0.1898,0.0238
45003,0.1212,0.0148
45005,0.2043,0.0197
45007,0.1387,0.0161
45009,0.2043,0.0197
45011,0.2043,0.0197
45013,0.0979,0.0174
45015,0.1195,0.0145
45017,0.1552,0.0201
45019,0.1339,0.0144
45021,0.1891,0.0169
45023,0.1891,0.0169
45025,0.1635,0.0194
45027,0.1835,0.0172
45029,0.2043,0.0197
45031,0.1718,0.0136
45033,0.2281,0.0248
45035,0.1539,0.0157
45037,0.1212,0.0148
45039,0.1116,0.0215
45041,0.1718,0.0136
45043,0.2281,0.0248
45045,0.1124,0.0167
45047,0.1898,0.0238
45049,0.2043,0.0197
45051,0.1412,0.0174
45053,0.0979,0.0174
45055,0.1552,0.0201
45057,0.1635,0.0194
45059,0.1202,0.0161
45061,0.1835,0.0172
45063,0.1162,0.0156
45065,0.1898,0.0238
45067,0.2281,0.0248
45069,0.1635,0.0194
45071,0.1891,0.0169
45073,0.1434,0.0158
45075,0.2043,0.0197
45077,0.1434,0.0158
45079,0.1364,0.0197
45081,0.1065,0.0146
45083,0.1224,0.0154
45085,0.1835,0.0172
45087,0.1891,0.0169
45089,0.1835,0.0172
45091,0.0924,0.0162
46003,0.0748,0.0098
46005,0.0748,0.0098
46007,0.2829,0.0259
46009,0.0748,0.0098
46011,0.0748,0.0098
46013,0.0778,0.0154
46015,0.0748,0.0098
46017,0.2829,0.0259
46019,0.1151,0.0173
46021,0.0778,0.0154
46023,0.2829,0.0259
46025,0.0778,0.0154
46027,0.0433,0.0075
46029,0.0778,0.0154
46031,0.2829,0.0259
46033,0.1151,0.0173
46035,0.0748,0.0098
46037,0.0778,0.0154
46039,0.0778,0.0154
46041,0.2829,0.0259
46043,0.0748,0.0098
46045,0.0778,0.0154
46047,0.2829,0.0259
46049,0.0778,0.0154
46051,0.0778,0.0154
46053,0.2829,0.0259
46055,0.2829,0.0259
46057,0.0778,0.0154
46059,0.0748,0.0098
46061,0.0748,0.0098
46063,0.1151,0.0173
46065,0.2829,0.0259
46067,0.0748,0.0098
46069,0.2829,0.0259
46071,0.2829,0.0259
46073,0.0748,0.0098
46075,0.2829,0.0259
46077,0.0748,0.0098
46079,0.0748,0.0098
46081,0.1151,0.0173
46083,0.0518,0.0090
46085,0.2829,0.0259
46087,0.0433,0.0075
46089,0.0778,0.0154
46091,0.0778,0.0154
46093,0.1151,0.0173
46095,0.2829,0.0259
46097,0.0748,0.0098
46099,0.0468,0.0081
46101,0.0748,0.0098
46102,0.1151,0.0173
46103,0.1151,0.0173
46105,0.0778,0.0154
46107,0.0778,0.0154
46109,0.0748,0.0098
46111,0.2829,0.0259
46115,0.0778,0.0154
46117,0.2829,0.0259
46119,0.2829,0.0259
46121,0.2829,0.0259
46123,0.2829,0.0259
46125,0.0433,0.0075
46127,0.0433,0.0075
46129,0.0778,0.0154
46135,0.0433,0.0075
46137,0.2829,0.0259
47001,0.1257,0.0154
47003,0.1097,0.0139
47005,0.1903,0.0175
47007,0.1667,0.0157
47009,0.1068,0.0169
47011,0.1767,0.0179
47013,0.1949,0.0163
47015,0.1534,0.0189
47017,0.1903,0.0175
47019,0.1689,0.0158
47021,0.1160,0.0133
47023,0.1752,0.0246
47025,0.1949,0.0163
47027,0.1635,0.0245
47029,0.1587,0.0166
47031,0.1203,0.0160
47033,0.1559,0.0190
47035,0.1528,0.0186
47037,0.1490,0.0090
47039,0.1487,0.0164
47041,0.1534,0.0189
47043,0.1160,0.0133
47045,0.1559,0.0190
47047,0.1302,0.0155
47049,0.1528,0.0186
47051,0.1203,0.0160
47053,0.1559,0.0190
47055,0.1672,0.0186
47057,0.1587,0.0166
47059,0.1689,0.0158
47061,0.1667,0.0157
47063,0.1587,0.0166
47065,0.0937,0.0149
47067,0.1949,0.0163
47069,0.1487,0.0164
47071,0.1487,0.0164
47073,0.1691,0.0212
47075,0.1487,0.0164
47077,0.1487,0.0164
47079,0.1903,0.0175
47081,0.1160,0.0133
47083,0.1903,0.0175
47085,0.1903,0.0175
47087,0.1635,0.0245
47089,0.1157,0.0154
47091,0.1689,0.0158
47093,0.1389,0.0145
47095,0.1559,0.0190
47097,0.1302,0.0155
47099,0.1672,0.0186
47101,0.1672,0.0186
47103,0.1203,0.0160
47105,0.1440,0.0198
47107,0.1767,0.0179
47109,0.1487,0.0164
47111,0.1534,0.0189
47113,0.1752,0.0246
47115,0.1667,0.0157
47117,0.1097,0.0139
47119,0.1097,0.0139
47121,0.1667,0.0157
47123,0.1440,0.0198
47125,0.1114,0.0118
47127,0.1203,0.0160
47129,0.1949,0.0163
47131,0.1559,0.0190
47133,0.1635,0.0245
47135,0.1672,0.0186
47137,0.1635,0.0245
47139,0.1767,0.0179
47141,0.1635,0.0245
47143,0.1667,0.0157
47145,0.1440,0.0198
47147,0.1160,0.0133
47149,0.1047,0.0199
47151,0.1949,0.0163
47153,0.1667,0.0157
47155,0.1157,0.0154
47157,0.3733,0.0103
47159,0.1534,0.0189
47161,0.1114,0.0118
47163,0.1497,0.0192
47165,0.1006,0.0146
47167,0.1302,0.0155
47169,0.1534,0.0189
47171,0.1689,0.0158
47173,0.1257,0.0154
47175,0.1528,0.0186
47177,0.1534,0.0189
47179,0.1412,0.0160
47181,0.1672,0.0186
47183,0.1903,0.0175
47185,0.1528,0.0186
47187,0.0374,0.0077
47189,0.0980,0.0137
48001,0.1463,0.0188
48003,0.1623,0.0199
48005,0.2083,0.0193
48007,0.1756,0.0196
48009,0.1366,0.0135
48011,0.1249,0.0142
48013,0.1452,0.0242
48015,0.1403,0.0164
48017,0.1244,0.0152
48019,0.1452,0.0242
48021,0.0905,0.0165
48023,0.1366,0.0135
48025,0.1756,0.0196
48027,0.1264,0.0204
48029,0.1706,0.0051
48031,0.0752,0.0136
48033,0.1245,0.0171
48035,0.1559,0.0130
48037,0.1527,0.0202
48039,0.0922,0.0180
48041,0.2253,0.0153
48043,0.1623,0.0199
48045,0.1249,0.0142
48047,0.2681,0.0304
48049,0.1707,0.0148
48051,0.1616,0.0188
48053,0.1128,0.0142
48055,0.0905,0.0165
48057,0.1372,0.0219
48059,0.1707,0.0148
48061,0.2604,0.0287
48063,0.1600,0.0199
48065,0.1249,0.0142
48067,0.1527,0.0202
48069,0.1249,0.0142
48071,0.1526,0.0234
48073,0.1235,0.0201
48075,0.1249,0.0142
48077,0.1366,0.0135
48079,0.1244,0.0152
48081,0.1245,0.0171
48083,0.1707,0.0148
48085,0.0696,0.0055
48087,0.1249,0.0142
48089,0.1403,0.0164
48091,0.0664,0.0132
48093,0.1707,0.0148
48095,0.1245,0.0171
48097,0.1027,0.0119
48099,0.1128,0.0142
48101,0.1366,0.0135
48103,0.1623,0.0199
48105,0.1245,0.0171
48107,0.1244,0.0152
48109,0.1623,0.0199
48111,0.1249,0.0142
48113,0.1577,0.0050
48115,0.1245,0.0171
48117,0.1249,0.0142
48119,0.1524,0.0118
48121,0.0702,0.0068
48123,0.1249,0.0171
48125,0.1244,0.0152
48127,0.2790,0.0255
48129,0.1249,0.0142
48131,0.3306,0.0269
48133,0.1707,0.0148
48135,0.1135,0.0145
48137,0.2790,0.0255
48139,0.0684,0.0113
48141,0.1893,0.0081
48143,0.1049,0.0217
48145,0.1559,0.0130
48147,0.1027,0.0119
48149,0.0905,0.0165
48151,0.1707,0.0148
48153,0.1244,0.0152
48155,0.1366,0.0135
48157,0.0844,0.0081
48159,0.1524,0.0118
48161,0.1559,0.0130
48163,0.1452,0.0242
48165,0.1623,0.0199
48167,0.1141,0.0168
48169,0.1244,0.0152
48171,0.0752,0.0136
48173,0.1245,0.0171
48175,0.1249,0.0171
48177,0.1249,0.0171
48179,0.1249,0.0142
48181,0.1027,0.0119
48183,0.1399,0.0188
48185,0.1616,0.0188
48187,0.0850,0.0128
48189,0.1244,0.0152
48191,0.1249,0.0142
48193,0.1128,0.0142
48195,0.1249,0.0142
48197,0.1366,0.0135
48199,0.1330,0.0155
48201,0.3802,0.0044
48203,0.1674,0.0202
48205,0.1249,0.0142
48207,0.1707,0.0148
48209,0.0903,0.0121
48211,0.1249,0.0142
48213,0.1463,0.0188
48215,0.2990,0.0134
48217,0.1559,0.0130
48219,0.1244,0.0152
48221,0.1049,0.0217
48223,0.1524,0.0118
48225,0.1982,0.0207
48227,0.1245,0.0171
48229,0.1623,0.0199
48231,0.1209,0.0170
48233,0.1249,0.0142
48235,0.1245,0.0171
48237,0.1366,0.0135
48239,0.1249,0.0171
48241,0.2231,0.0295
48243,0.1623,0.0199
48245,0.3472,0.0253
48247,0.3306,0.0269
48249,0.2681,0.0304
48251,0.0893,0.0173
48253,0.1707,0.0148
48255,0.1249,0.0171
48257,0.0896,0.0123
48259,0.0752,0.0136
48261,0.2681,0.0304
48263,0.1707,0.0148
48265,0.0752,0.0136
48267,0.1245,0.0171
48269,0.1244,0.0152
48271,0.2790,0.0255
48273,0.2681,0.0304
48275,0.1707,0.0148
48277,0.1524,0.0118
48279,0.1244,0.0152
48281,0.1128,0.0142
48283,0.2790,0.0255
48285,0.1249,0.0171
48287,0.0905,0.0165
48289,0.1616,0.0188
48291,0.1526,0.0234
48293,0.1559,0.0130
48295,0.1249,0.0142
48297,0.3306,0.0269
48299,0.1128,0.0142
48301,0.1623,0.0199
48303,0.1895,0.0224
48305,0.1244,0.0152
48307,0.1245,0.0171
48309,0.1730,0.0206
48311,0.3306,0.0269
48313,0.1616,0.0188
48315,0.1674,0.0202
48317,0.1245,0.0171
48319,0.1245,0.0171
48321,0.1403,0.0164
48323,0.2790,0.0255
48325,0.1452,0.0242
48327,0.1245,0.0171
48329,0.1025,0.0170
48331,0.1616,0.0188
48333,0.1128,0.0142
48335,0.1707,0.0148
48337,0.1366,0.0135
48339,0.0919,0.0094
48341,0.1249,0.0142
48343,0.1524,0.0118
48345,0.1244,0.0152
48347,0.2083,0.0193
48349,0.1559,0.0130
48351,0.2231,0.0295
48353,0.1707,0.0148
48355,0.1730,0.0236
48357,0.1249,0.0142
48359,0.1249,0.0142
48361,0.1330,0.0155
48363,0.1049,0.0217
48365,0.1235,0.0201
48367,0.0763,0.0117
48369,0.1249,0.0142
48371,0.1623,0.0199
48373,0.1982,0.0207
48375,0.1464,0.0184
48377,0.1623,0.0199
48379,0.1600,0.0199
48381,0.0760,0.0111
48383,0.1245,0.0171
48385,0.2790,0.0255
48387,0.1524,0.0118
48389,0.1623,0.0199
48391,0.1756,0.0196
48393,0.1249,0.0142
48395,0.1616,0.0188
48397,0.1209,0.0170
48399,0.1707,0.0148
48401,0.1235,0.0201
48403,0.2231,0.0295
48405,0.2231,0.0295
48407,0.1982,0.0207
48409,0.1756,0.0196
48411,0.1128,0.0142
48413,0.1245,0.0171
48415,0.1707,0.0148
48417,0.1707,0.0148
48419,0.2231,0.0295
48421,0.1249,0.0142
48423,0.1500,0.0254
48425,0.1049,0.0217
48427,0.3306,0.0269
48429,0.1707,0.0148
48431,0.1245,0.0171
48433,0.1707,0.0148
48435,0.1245,0.0171
48437,0.1249,0.0142
48439,0.1206,0.0052
48441,0.1055,0.0157
48443,0.1623,0.0199
48445,0.1244,0.0152
48447,0.1707,0.0148
48449,0.1524,0.0118
48451,0.0947,0.0174
48453,0.1262,0.0052
48455,0.1982,0.0207
48457,0.2231,0.0295
48459,0.1674,0.0202
48461,0.1245,0.0171
48463,0.2790,0.0255
48465,0.2790,0.0255
48467,0.1600,0.0199
48469,0.1372,0.0219
48471,0.1982,0.0207
48473,0.1403,0.0164
48475,0.1623,0.0199
48477,0.1616,0.0188
48479,0.2719,0.0282
48481,0.1403,0.0164
48483,0.1249,0.0142
48485,0.1514,0.0165
48487,0.1366,0.0135
48489,0.2681,0.0304
48491,0.0581,0.0124
48493,0.1249,0.0171
48495,0.1623,0.0199
48497,0.1366,0.0135
48499,0.1600,0.0199
48501,0.1244,0.0152
48503,0.1366,0.0135
48505,0.3306,0.0269
48507,0.2790,0.0255
49001,0.1238,0.0193
49003,0.0622,0.0103
49005,0.0702,0.0132
49007,0.1095,0.0150
49009,0.1095,0.0150
49011,0.0501,0.0128
49013,0.1095,0.0150
49015,0.1095,0.0150
49017,0.1238,0.0193
49019,0.1095,0.0150
49021,0.1238,0.0193
49023,0.1238,0.0193
49025,0.1238,0.0193
49027,0.1238,0.0193
49029,0.0702,0.0132
49031,0.1238,0.0193
49033,0.0702,0.0132
49035,0.0862,0.0056
49037,0.1095,0.0150
49039,0.1238,0.0193
49041,0.1238,0.0193
49043,0.0702,0.0132
49045,0.0622,0.0103
49047,0.1095,0.0150
49049,0.0702,0.0052
49051,0.1095,0.0150
49053,0.0913,0.0159
49055,0.1238,0.0193
49057,0.0987,0.0166
50001,0.0914,0.0142
50003,0.0914,0.0142
50005,0.1396,0.0175
50007,0.1067,0.0202
50009,0.1396,0.0175
50011,0.1067,0.0202
50013,0.1067,0.0202
50015,0.1396,0.0175
50017,0.0871,0.0119
50019,0.1396,0.0175
50021,0.0914,0.0142
50023,0.1396,0.0175
50025,0.0871,0.0119
50027,0.0871,0.0119
51001,0.1261,0.0164
51003,0.0946,0.0135
51005,0.1078,0.0176
51007,0.1662,0.0176
51009,0.0569,0.0104
51011,0.0569,0.0104
51013,0.0598,0.0128
51015,0.1310,0.0180
51017,0.1310,0.0180
51019,0.0569,0.0104
51021,0.1468,0.0142
51023,0.1078,0.0176
51025,0.1662,0.0176
51027,0.2255,0.0194
51029,0.1662,0.0176
51031,0.1202,0.0165
51033,0.0750,0.0119
51035,0.1468,0.0142
51036,0.0493,0.0080
51037,0.1662,0.0176
51041,0.0632,0.0150
51043,0.0832,0.0156
51045,0.1078,0.0176
51047,0.0694,0.0106
51049,0.1662,0.0176
51051,0.2255,0.0194
51053,0.1517,0.0171
51057,0.1261,0.0164
51059,0.0691,0.0041
51061,0.0694,0.0106
51063,0.1253,0.0147
51065,0.0561,0.0094
51067,0.1078,0.0176
51069,0.0832,0.0156
51071,0.1253,0.0147
51073,0.1261,0.0164
51075,0.0493,0.0080
51077,0.1468,0.0142
51079,0.1175,0.0159
51081,0.1517,0.0171
51083,0.1662,0.0176
51085,0.0493,0.0080
51087,0.0989,0.0155
51089,0.1491,0.0130
51091,0.1310,0.0180
51093,0.1041,0.0174
51095,0.0614,0.0094
51097,0.1261,0.0164
51099,0.0750,0.0119
51101,0.0493,0.0080
51103,0.1261,0.0164
51105,0.2255,0.0194
51107,0.0360,0.0084
51109,0.0561,0.0094
51111,0.1662,0.0176
51113,0.0694,0.0106
51115,0.1261,0.0164
51117,0.1662,0.0176
51119,0.1261,0.0164
51121,0.1253,0.0147
51125,0.0561,0.0094
51127,0.0493,0.0080
51131,0.1261,0.0164
51133,0.1261,0.0164
51135,0.1662,0.0176
51137,0.0694,0.0106
51139,0.1045,0.0131
51141,0.1491,0.0130
51143,0.1491,0.0130
51145,0.0493,0.0080
51147,0.1662,0.0176
51149,0.1517,0.0171
51153,0.0719,0.0133
51155,0.1253,0.0147
51157,0.0694,0.0106
51159,0.1261,0.0164
51161,0.1547,0.0254
51163,0.1310,0.0180
51165,0.1133,0.0159
51167,0.2255,0.0194
51169,0.2255,0.0194
51171,0.1045,0.0131
51173,0.1468,0.0142
51175,0.1041,0.0174
51177,0.0750,0.0119
51179,0.0502,0.0111
51181,0.1517,0.0171
51183,0.1517,0.0171
51185,0.2255,0.0194
51187,0.1045,0.0131
51191,0.1468,0.0142
51193,0.1261,0.0164
51195,0.2255,0.0194
51197,0.1468,0.0142
51199,0.0614,0.0094
51510,0.1209,0.0156
51520,0.1468,0.0142
51530,0.1310,0.0180
51540,0.1175,0.0159
51550,0.1038,0.0222
51570,0.1517,0.0171
51580,0.1078,0.0176
51590,0.1491,0.0130
51595,0.1517,0.0171
51600,0.0443,0.0057
51610,0.0289,0.0071
51620,0.1041,0.0174
51630,0.0502,0.0111
51640,0.1468,0.0142
51650,0.1213,0.0177
51660,0.1133,0.0159
51670,0.1517,0.0171
51678,0.1310,0.0180
51680,0.1202,0.0165
51683,0.0895,0.0200
51685,0.0895,0.0200
51690,0.1491,0.0130
51700,0.1456,0.0193
51710,0.1726,0.0146
51720,0.2255,0.0194
51730,0.1517,0.0171
51735,0.0614,0.0094
51740,0.1620,0.0198
51750,0.1253,0.0147
51760,0.2195,0.0173
51770,0.1593,0.0262
51775,0.1593,0.0262
51790,0.1310,0.0180
51800,0.1041,0.0174
51810,0.0724,0.0141
51820,0.1310,0.0180
51830,0.0614,0.0094
51840,0.0832,0.0156
53001,0.1363,0.0184
53003,0.1363,0.0184
53005,0.1273,0.0230
53007,0.1756,0.0278
53009,0.1849,0.0228
53011,0.0903,0.0145
53013,0.1363,0.0184
53015,0.1618,0.0188
53017,0.1756,0.0278
53019,0.1389,0.0149
53021,0.1233,0.0214
53023,0.1363,0.0184
53025,0.1565,0.0232
53027,0.1563,0.0153
53029,0.1061,0.0117
53031,0.1849,0.0228
53033,0.0956,0.0039
53035,0.0769,0.0116
53037,0.1565,0.0232
53039,0.1108,0.0149
53041,0.1108,0.0149
53043,0.1363,0.0184
53045,0.1563,0.0153
53047,0.1389,0.0149
53049,0.1618,0.0188
53051,0.1389,0.0149
53053,0.0985,0.0061
53055,0.1061,0.0117
53057,0.1061,0.0117
53059,0.1108,0.0149
53061,0.0749,0.0041
53063,0.1183,0.0194
53065,0.1389,0.0149
53067,0.0890,0.0171
53069,0.1618,0.0188
53071,0.1321,0.0197
53073,0.1120,0.0105
53075,0.1363,0.0184
53077,0.1977,0.0283
54001,0.1731,0.0184
54003,0.1271,0.0150
54005,0.1815,0.0233
54007,0.2353,0.0233
54009,0.1182,0.0164
54011,0.2151,0.0197
54013,0.2353,0.0233
54015,0.1613,0.0163
54017,0.1516,0.0200
54019,0.1906,0.0209
54021,0.2353,0.0233
54023,0.1731,0.0184
54025,0.1546,0.0220
54027,0.1271,0.0150
54029,0.1182,0.0164
54031,0.1731,0.0184
54033,0.1516,0.0200
54035,0.2353,0.0233
54037,0.1271,0.0150
54039,0.1613,0.0163
54041,0.1731,0.0184
54043,0.1815,0.0233
54045,0.3152,0.0251
54047,0.3152,0.0251
54049,0.1516,0.0200
54051,0.1182,0.0164
54053,0.2151,0.0197
54055,0.1906,0.0209
54057,0.1271,0.0150
54059,0.3152,0.0251
54061,0.1412,0.0176
54063,0.1546,0.0220
54065,0.1271,0.0150
54067,0.1546,0.0220
54069,0.1182,0.0164
54071,0.1731,0.0184
54073,0.1790,0.0208
54075,0.1546,0.0220
54077,0.1412,0.0176
54079,0.1815,0.0233
54081,0.1906,0.0209
54083,0.1731,0.0184
54085,0.2353,0.0233
54087,0.2353,0.0233
54089,0.1546,0.0220
54091,0.1516,0.0200
54093,0.1731,0.0184
54095,0.2353,0.0233
54097,0.1731,0.0184
54099,0.2151,0.0197
54101,0.1546,0.0220
54103,0.2353,0.0233
54105,0.1790,0.0208
54107,0.1790,0.0208
54109,0.3152,0.0251
55001,0.0911,0.0135
55003,0.1084,0.0101
55005,0.1225,0.0176
55007,0.1084,0.0101
55009,0.0979,0.0172
55011,0.1086,0.0097
55013,0.1084,0.0101
55015,0.0687,0.0173
55017,0.1065,0.0179
55019,0.1225,0.0176
55021,0.0799,0.0181
55023,0.1086,0.0097
55025,0.1352,0.0239
55027,0.0652,0.0107
55029,0.0847,0.0134
55031,0.1084,0.0101
55033,0.0306,0.0092
55035,0.1038,0.0180
55037,0.0847,0.0134
55039,0.0687,0.0173
55041,0.0732,0.0098
55043,0.0648,0.0100
55045,0.0648,0.0100
55047,0.1014,0.0121
55049,0.0648,0.0100
55051,0.1084,0.0101
55053,0.1086,0.0097
55055,0.0652,0.0107
55057,0.0911,0.0135
55059,0.1388,0.0265
55061,0.0757,0.0155
55063,0.0925,0.0211
55065,0.0648,0.0100
55067,0.0732,0.0098
55069,0.0732,0.0098
55071,0.0757,0.0155
55073,0.0810,0.0166
55075,0.0847,0.0134
55077,0.1014,0.0121
55078,0.1014,0.0121
55079,0.3379,0.0081
55081,0.1086,0.0097
55083,0.0847,0.0134
55085,0.0732,0.0098
55087,0.0424,0.0074
55089,0.0386,0.0090
55091,0.1086,0.0097
55093,0.1086,0.0097
55095,0.1225,0.0176
55097,0.0911,0.0135
55099,0.1084,0.0101
55101,0.1041,0.0151
55103,0.0648,0.0100
55105,0.0913,0.0180
55107,0.1084,0.0101
55109,0.0306,0.0092
55111,0.0799,0.0181
55113,0.1084,0.0101
55115,0.1014,0.0121
55117,0.0574,0.0133
55119,0.1084,0.0101
55121,0.1086,0.0097
55123,0.1086,0.0097
55125,0.0732,0.0098
55127,0.0382,0.0080
55129,0.1084,0.0101
55131,0.0386,0.0090
55133,0.0394,0.0088
55135,0.1014,0.0121
55137,0.1014,0.0121
55139,0.0889,0.0149
55141,0.0911,0.0135
56001,0.1076,0.0163
56003,0.0580,0.0105
56005,0.0766,0.0201
56007,0.0678,0.0103
56009,0.0678,0.0103
56011,0.0766,0.0201
56013,0.1298,0.0221
56015,0.0766,0.0201
56017,0.1298,0.0221
56019,0.0766,0.0201
56021,0.1076,0.0163
56023,0.0580,0.0105
56025,0.0678,0.0103
56027,0.0766,0.0201
56029,0.0580,0.0105
56031,0.0766,0.0201
56033,0.0580,0.0105
56035,0.1298,0.0221
56037,0.1298,0.0221
56039,0.0580,0.0105
56041,0.1298,0.0221
56043,0.0766,0.0201
56045,0.0766,0.0201